{
  "model_metrics": {
    "RMSE": 0.7694249153137207,
    "MAE": 0.246529221534729,
    "MSE": 0.592014729976654,
    "R²": -0.05080354462644565,
    "MAPE": 170.7048535346985,
    "Median_AE": 0.054040372371673584,
    "Max_Error": 11.884825706481934,
    "Pearson_r": 0.04740258133968969,
    "Pearson_p": 0.0
  },
  "baseline_metrics": {
    "RMSE": 0.7542230486869812,
    "MAE": 0.4203421473503113,
    "MSE": 0.5688523650169373,
    "R²": -0.009691277230628348,
    "MAPE": 100.0,
    "Median_AE": 0.29581594467163086,
    "Max_Error": 11.6353759765625,
    "Pearson_r": NaN,
    "Pearson_p": NaN
  },
  "improvement": {
    "RMSE_improvement_%": -2.015566825866699,
    "MAE_improvement_%": 41.35034680366516
  },
  "metrics_by_intensity": {
    "Немає опадів": {
      "RMSE": 0.28781741857528687,
      "MAE": 0.286295622587204,
      "MSE": 0.08283887058496475,
      "R²": -110.13314617227239,
      "MAPE": 713.066577911377,
      "Median_AE": 0.2868400514125824,
      "Max_Error": 0.3609428107738495,
      "Pearson_r": 0.08194372896728652,
      "Pearson_p": 9.758936854002321e-05,
      "count": 2256.0,
      "percentage": 0.20008514261387825
    },
    "Слабкі (0.1-2.5мм)": {
      "RMSE": 1.2043330669403076,
      "MAE": 1.0163202285766602,
      "MSE": 1.45041823387146,
      "R²": -2.470814077696514,
      "MAPE": 173.62574338912964,
      "Median_AE": 0.8336465358734131,
      "Max_Error": 2.759160041809082,
      "Pearson_r": 0.03507913192761739,
      "Pearson_p": 1.3072651856351325e-36,
      "count": 129713.0,
      "percentage": 11.50427486873847
    },
    "Помірні (2.5-10мм)": {
      "RMSE": 4.416470050811768,
      "MAE": 4.200306415557861,
      "MSE": 19.50520896911621,
      "R²": -9.452667326399027,
      "MAPE": 106.76168203353882,
      "Median_AE": 3.7996387481689453,
      "Max_Error": 9.97370433807373,
      "Pearson_r": 0.11750639056255016,
      "Pearson_p": 9.660834632567608e-74,
      "count": 23736.0,
      "percentage": 2.105151128139634
    },
    "Сильні (10-50мм)": {
      "RMSE": 11.7481689453125,
      "MAE": 11.7473783493042,
      "MSE": 138.01947021484375,
      "R²": -7554.0980099603,
      "MAPE": 102.09332704544067,
      "Median_AE": 11.795648574829102,
      "Max_Error": 11.884825706481934,
      "Pearson_r": -0.06943204508888573,
      "Pearson_p": 0.5014610174543395,
      "count": 96.0,
      "percentage": 0.008514261387824606
    },
    "Дуже сильні (>50мм)": {
      "count": 0.0,
      "percentage": 0.0
    }
  },
  "data_statistics": {
    "n_samples": 1127520,
    "mean_actual": -0.0738905742764473,
    "std_actual": 0.7505946755409241,
    "mean_predicted": -0.24508118629455566,
    "std_predicted": 0.01145335752516985
  }
}